-- MySQL dump 10.13  Distrib 8.0.36, for Win64 (x86_64)
--
-- Host: localhost    Database: db_empresa_umg
-- ------------------------------------------------------
-- Server version	8.0.36

/*!40101 SET @OLD_CHARACTER_SET_CLIENT=@@CHARACTER_SET_CLIENT */;
/*!40101 SET @OLD_CHARACTER_SET_RESULTS=@@CHARACTER_SET_RESULTS */;
/*!40101 SET @OLD_COLLATION_CONNECTION=@@COLLATION_CONNECTION */;
/*!50503 SET NAMES utf8 */;
/*!40103 SET @OLD_TIME_ZONE=@@TIME_ZONE */;
/*!40103 SET TIME_ZONE='+00:00' */;
/*!40014 SET @OLD_UNIQUE_CHECKS=@@UNIQUE_CHECKS, UNIQUE_CHECKS=0 */;
/*!40014 SET @OLD_FOREIGN_KEY_CHECKS=@@FOREIGN_KEY_CHECKS, FOREIGN_KEY_CHECKS=0 */;
/*!40101 SET @OLD_SQL_MODE=@@SQL_MODE, SQL_MODE='NO_AUTO_VALUE_ON_ZERO' */;
/*!40111 SET @OLD_SQL_NOTES=@@SQL_NOTES, SQL_NOTES=0 */;

--
-- Table structure for table `clientes`
--

DROP TABLE IF EXISTS `clientes`;
/*!40101 SET @saved_cs_client     = @@character_set_client */;
/*!50503 SET character_set_client = utf8mb4 */;
CREATE TABLE `clientes` (
  `idcliente` int NOT NULL AUTO_INCREMENT,
  `nombres` varchar(60) DEFAULT NULL,
  `apellidos` varchar(60) DEFAULT NULL,
  `nit` varchar(12) DEFAULT NULL,
  `genero` char(1) DEFAULT NULL,
  `telefono` varchar(25) DEFAULT NULL,
  `correo_electronico` varchar(45) DEFAULT NULL,
  `fechaingreso` datetime DEFAULT NULL,
  PRIMARY KEY (`idcliente`)
) ENGINE=InnoDB AUTO_INCREMENT=8 DEFAULT CHARSET=utf8mb4 COLLATE=utf8mb4_0900_ai_ci;
/*!40101 SET character_set_client = @saved_cs_client */;

--
-- Dumping data for table `clientes`
--

LOCK TABLES `clientes` WRITE;
/*!40000 ALTER TABLE `clientes` DISABLE KEYS */;
INSERT INTO `clientes` VALUES (1,'cesar','santizo','112345','m','36131380','csantizo@gmail.com','2023-02-01 00:00:00'),(2,'fernando','santizo','234567','f','2568942','ps@gmail.com','2023-02-25 00:00:00'),(4,'luis','suarez','1234567','m','112233445','luism@gmail.com','2023-05-22 23:59:32'),(5,'julio','mendez','7654321','m','12345678','juliome@gmail.com','2023-05-23 00:08:03'),(6,'alan','garcia','3213123','m','34342432','alg@gmail.com','2023-05-25 19:52:23'),(7,'daniel','Santizo','5674360','f','44567656','chino@gmail.com','2023-05-27 00:30:09');
/*!40000 ALTER TABLE `clientes` ENABLE KEYS */;
UNLOCK TABLES;

--
-- Table structure for table `compras`
--

DROP TABLE IF EXISTS `compras`;
/*!40101 SET @saved_cs_client     = @@character_set_client */;
/*!50503 SET character_set_client = utf8mb4 */;
CREATE TABLE `compras` (
  `idcompra` int NOT NULL AUTO_INCREMENT,
  `no_orden_compra` int DEFAULT NULL,
  `idproveedor` int DEFAULT NULL,
  `fecha_orden` date DEFAULT NULL,
  `fechaingreso` datetime DEFAULT NULL,
  PRIMARY KEY (`idcompra`),
  KEY `idproveedor_proveedores_compras_idx` (`idproveedor`),
  CONSTRAINT `idproveedor_proveedores_compras` FOREIGN KEY (`idproveedor`) REFERENCES `proveedores` (`idproveedor`) ON UPDATE CASCADE
) ENGINE=InnoDB AUTO_INCREMENT=3 DEFAULT CHARSET=utf8mb4 COLLATE=utf8mb4_0900_ai_ci;
/*!40101 SET character_set_client = @saved_cs_client */;

--
-- Dumping data for table `compras`
--

LOCK TABLES `compras` WRITE;
/*!40000 ALTER TABLE `compras` DISABLE KEYS */;
INSERT INTO `compras` VALUES (1,1,2,'2023-05-25','2023-05-25 16:05:09'),(2,1,1,'2023-05-31','2023-05-31 23:31:38');
/*!40000 ALTER TABLE `compras` ENABLE KEYS */;
UNLOCK TABLES;

--
-- Table structure for table `compras_detalle`
--

DROP TABLE IF EXISTS `compras_detalle`;
/*!40101 SET @saved_cs_client     = @@character_set_client */;
/*!50503 SET character_set_client = utf8mb4 */;
CREATE TABLE `compras_detalle` (
  `idcompras_detalle` bigint NOT NULL AUTO_INCREMENT,
  `idcompra` int DEFAULT NULL,
  `idproducto` int DEFAULT NULL,
  `cantidad` int DEFAULT NULL,
  `precio_costo_unitario` decimal(8,2) DEFAULT NULL,
  PRIMARY KEY (`idcompras_detalle`),
  KEY `idcompra_compras_compradetalle_idx` (`idcompra`),
  KEY `idproducto_productos_compradetalle_idx` (`idproducto`),
  CONSTRAINT `idcompra_compras_compradetalle` FOREIGN KEY (`idcompra`) REFERENCES `compras` (`idcompra`) ON DELETE CASCADE ON UPDATE CASCADE,
  CONSTRAINT `idproducto_productos_compradetalle` FOREIGN KEY (`idproducto`) REFERENCES `productos` (`idproducto`) ON UPDATE CASCADE
) ENGINE=InnoDB AUTO_INCREMENT=5 DEFAULT CHARSET=utf8mb4 COLLATE=utf8mb4_0900_ai_ci;
/*!40101 SET character_set_client = @saved_cs_client */;

--
-- Dumping data for table `compras_detalle`
--

LOCK TABLES `compras_detalle` WRITE;
/*!40000 ALTER TABLE `compras_detalle` DISABLE KEYS */;
INSERT INTO `compras_detalle` VALUES (1,1,3,3,9.00),(2,1,2,2,6.00),(3,2,1,2,5.50),(4,2,2,5,6.50);
/*!40000 ALTER TABLE `compras_detalle` ENABLE KEYS */;
UNLOCK TABLES;

--
-- Table structure for table `empleados`
--

DROP TABLE IF EXISTS `empleados`;
/*!40101 SET @saved_cs_client     = @@character_set_client */;
/*!50503 SET character_set_client = utf8mb4 */;
CREATE TABLE `empleados` (
  `idempleado` int NOT NULL AUTO_INCREMENT,
  `nombres` varchar(50) DEFAULT NULL,
  `apellidos` varchar(45) DEFAULT NULL,
  `direccion` varchar(80) DEFAULT NULL,
  `telefono` varchar(25) DEFAULT NULL,
  `dpi` varchar(15) DEFAULT NULL,
  `genero` char(1) DEFAULT NULL,
  `fecha_nacimiento` date DEFAULT NULL,
  `idpuesto` smallint DEFAULT NULL,
  `fecha_inicio_labores` date DEFAULT NULL,
  `fechaingreso` datetime DEFAULT NULL,
  PRIMARY KEY (`idempleado`),
  KEY `idpuesto_puestos_empleados_idx` (`idpuesto`),
  CONSTRAINT `idpuesto_puestos_empleados` FOREIGN KEY (`idpuesto`) REFERENCES `puestos` (`idpuesto`) ON UPDATE CASCADE
) ENGINE=InnoDB AUTO_INCREMENT=6 DEFAULT CHARSET=utf8mb4 COLLATE=utf8mb4_0900_ai_ci;
/*!40101 SET character_set_client = @saved_cs_client */;

--
-- Dumping data for table `empleados`
--

LOCK TABLES `empleados` WRITE;
/*!40000 ALTER TABLE `empleados` DISABLE KEYS */;
INSERT INTO `empleados` VALUES (1,'cesar','santizo','guatemala','23456789','3511252130401','m','2004-04-02',2,'2023-01-01','2023-02-02 00:00:00'),(2,'carlos','ruiz','gautemala','23456789','1321332323111','m','2004-04-01',1,'2023-01-01','2023-05-21 00:56:17'),(4,'mario','estrada','guatemala','12345678','123456535','m','2004-01-01',1,'2023-02-02','2023-05-21 01:03:41'),(5,'kevin','mendez','guatemala','23456789','111223344565','m','2003-02-05',4,'2023-01-01','2023-05-25 15:03:32');
/*!40000 ALTER TABLE `empleados` ENABLE KEYS */;
UNLOCK TABLES;

--
-- Table structure for table `marcas`
--

DROP TABLE IF EXISTS `marcas`;
/*!40101 SET @saved_cs_client     = @@character_set_client */;
/*!50503 SET character_set_client = utf8mb4 */;
CREATE TABLE `marcas` (
  `idmarca` smallint NOT NULL AUTO_INCREMENT,
  `marca` varchar(45) DEFAULT NULL,
  PRIMARY KEY (`idmarca`)
) ENGINE=InnoDB AUTO_INCREMENT=7 DEFAULT CHARSET=utf8mb4 COLLATE=utf8mb4_0900_ai_ci;
/*!40101 SET character_set_client = @saved_cs_client */;

--
-- Dumping data for table `marcas`
--

LOCK TABLES `marcas` WRITE;
/*!40000 ALTER TABLE `marcas` DISABLE KEYS */;
INSERT INTO `marcas` VALUES (1,'Nestle'),(2,'Unilever'),(3,'Kelloggs'),(4,'P&G'),(5,'fritolay'),(6,'hellmanns');
/*!40000 ALTER TABLE `marcas` ENABLE KEYS */;
UNLOCK TABLES;

--
-- Table structure for table `productos`
--

DROP TABLE IF EXISTS `productos`;
/*!40101 SET @saved_cs_client     = @@character_set_client */;
/*!50503 SET character_set_client = utf8mb4 */;
CREATE TABLE `productos` (
  `idproducto` int NOT NULL AUTO_INCREMENT,
  `producto` varchar(45) DEFAULT NULL,
  `idmarca` smallint DEFAULT NULL,
  `descripcion` varchar(85) DEFAULT NULL,
  `imagen` varchar(30) DEFAULT NULL,
  `precio_costo` decimal(8,2) DEFAULT NULL,
  `precio_venta` decimal(8,2) DEFAULT NULL,
  `existencia` int DEFAULT NULL,
  `fecha_ingreso` datetime DEFAULT NULL,
  PRIMARY KEY (`idproducto`),
  KEY `idmarca_marcas_productos_idx` (`idmarca`),
  CONSTRAINT `idmarca_marcas_productos` FOREIGN KEY (`idmarca`) REFERENCES `marcas` (`idmarca`) ON UPDATE CASCADE
) ENGINE=InnoDB AUTO_INCREMENT=10 DEFAULT CHARSET=utf8mb4 COLLATE=utf8mb4_0900_ai_ci;
/*!40101 SET character_set_client = @saved_cs_client */;

--
-- Dumping data for table `productos`
--

LOCK TABLES `productos` WRITE;
/*!40000 ALTER TABLE `productos` DISABLE KEYS */;
INSERT INTO `productos` VALUES (1,'Nescafe',1,'cafe instantaneo','cafe',6.00,10.00,20,'2023-05-25 14:41:36'),(2,'lipton',2,'Te frio ','te',7.00,10.00,20,'2023-05-25 14:43:56'),(3,'lays',5,'papas fritas','frituras',10.00,13.00,15,'2023-05-25 14:46:27'),(4,'corn flakes',3,'hojuelas de maiz','cereal',8.00,12.00,15,'2023-05-25 14:49:13'),(5,'Oral b',4,'pasta dental','pasta dental',5.00,8.00,10,'2023-05-25 14:54:41'),(6,'doritos',5,'fritura de maiz','fritura',12.00,16.00,20,'2023-05-25 14:55:38'),(7,'cocoa en polvo',1,'cocoa en polvo instantanea','cocoa',4.00,6.00,30,'2023-05-25 14:57:44'),(8,'leche en polvo',1,'leche en polvo','leche',40.00,56.00,15,'2023-05-25 15:00:00'),(9,'mayonesa',6,'mayonesa 300g','mayonesa',12.00,15.00,23,'2023-05-25 15:01:08');
/*!40000 ALTER TABLE `productos` ENABLE KEYS */;
UNLOCK TABLES;

--
-- Table structure for table `proveedores`
--

DROP TABLE IF EXISTS `proveedores`;
/*!40101 SET @saved_cs_client     = @@character_set_client */;
/*!50503 SET character_set_client = utf8mb4 */;
CREATE TABLE `proveedores` (
  `idproveedor` int NOT NULL AUTO_INCREMENT,
  `proveedor` varchar(45) DEFAULT NULL,
  `nit` varchar(12) DEFAULT NULL,
  `direccion` varchar(80) DEFAULT NULL,
  `telefono` varchar(25) DEFAULT NULL,
  PRIMARY KEY (`idproveedor`)
) ENGINE=InnoDB AUTO_INCREMENT=3 DEFAULT CHARSET=utf8mb4 COLLATE=utf8mb4_0900_ai_ci;
/*!40101 SET character_set_client = @saved_cs_client */;

--
-- Dumping data for table `proveedores`
--

LOCK TABLES `proveedores` WRITE;
/*!40000 ALTER TABLE `proveedores` DISABLE KEYS */;
INSERT INTO `proveedores` VALUES (1,'alimentos donis ada','2233556688','ciudad','58236699'),(2,'distribuidora ultra rapida','4962680','ciudad','58485963');
/*!40000 ALTER TABLE `proveedores` ENABLE KEYS */;
UNLOCK TABLES;

--
-- Table structure for table `puestos`
--

DROP TABLE IF EXISTS `puestos`;
/*!40101 SET @saved_cs_client     = @@character_set_client */;
/*!50503 SET character_set_client = utf8mb4 */;
CREATE TABLE `puestos` (
  `idpuesto` smallint NOT NULL AUTO_INCREMENT,
  `puesto` varchar(50) DEFAULT NULL,
  PRIMARY KEY (`idpuesto`)
) ENGINE=InnoDB AUTO_INCREMENT=5 DEFAULT CHARSET=utf8mb4 COLLATE=utf8mb4_0900_ai_ci;
/*!40101 SET character_set_client = @saved_cs_client */;

--
-- Dumping data for table `puestos`
--

LOCK TABLES `puestos` WRITE;
/*!40000 ALTER TABLE `puestos` DISABLE KEYS */;
INSERT INTO `puestos` VALUES (1,'gerente'),(2,'subgerente'),(3,'asistente'),(4,'cajero');
/*!40000 ALTER TABLE `puestos` ENABLE KEYS */;
UNLOCK TABLES;

--
-- Table structure for table `ventas`
--

DROP TABLE IF EXISTS `ventas`;
/*!40101 SET @saved_cs_client     = @@character_set_client */;
/*!50503 SET character_set_client = utf8mb4 */;
CREATE TABLE `ventas` (
  `idventa` int NOT NULL AUTO_INCREMENT,
  `nofactura` int DEFAULT NULL,
  `serie` char(1) DEFAULT NULL,
  `fechafactura` date DEFAULT NULL,
  `idcliente` int DEFAULT NULL,
  `idempleado` int DEFAULT NULL,
  `fechaingreso` datetime DEFAULT NULL,
  PRIMARY KEY (`idventa`),
  KEY `idcliente_clientes_ventas_idx` (`idcliente`),
  KEY `idempleado_empleados_ventas_idx` (`idempleado`),
  CONSTRAINT `idcliente_clientes_ventas` FOREIGN KEY (`idcliente`) REFERENCES `clientes` (`idcliente`) ON UPDATE CASCADE,
  CONSTRAINT `idempleado_empleados_ventas` FOREIGN KEY (`idempleado`) REFERENCES `empleados` (`idempleado`) ON UPDATE CASCADE
) ENGINE=InnoDB AUTO_INCREMENT=26 DEFAULT CHARSET=utf8mb4 COLLATE=utf8mb4_0900_ai_ci;
/*!40101 SET character_set_client = @saved_cs_client */;

--
-- Dumping data for table `ventas`
--

LOCK TABLES `ventas` WRITE;
/*!40000 ALTER TABLE `ventas` DISABLE KEYS */;
INSERT INTO `ventas` VALUES (1,2,'e','2023-05-31',2,1,'2023-05-31 23:27:57'),(3,2,'a','2023-05-25',1,1,'2023-05-25 17:16:31'),(4,3,'a','2023-05-25',2,1,'2023-05-25 17:18:39'),(5,4,'a','2023-05-25',6,2,'2023-05-25 19:52:43'),(6,5,'a','2023-05-27',1,1,'2023-05-27 00:11:15'),(7,6,'a','2023-05-27',1,1,'2023-05-27 00:20:23'),(8,7,'a','2023-05-27',2,1,'2023-05-27 00:28:32'),(9,8,'a','2023-05-27',7,2,'2023-05-27 00:30:21'),(10,9,'a','2023-05-27',1,1,'2023-05-27 00:31:38'),(18,10,'a','2023-05-27',1,2,'2023-05-27 00:49:34'),(19,11,'a','2023-05-28',1,1,'2023-05-28 02:04:35'),(20,12,'a','2023-05-28',1,2,'2023-05-28 02:05:17'),(21,13,'a','2023-05-28',1,1,'2023-05-28 02:07:10'),(23,14,'a','2023-05-28',1,4,'2023-05-28 02:08:12'),(24,15,'a','2023-05-31',NULL,1,'2023-05-31 23:13:36'),(25,16,'a','2023-05-31',1,1,'2023-05-31 23:34:42');
/*!40000 ALTER TABLE `ventas` ENABLE KEYS */;
UNLOCK TABLES;

--
-- Table structure for table `ventas_detalle`
--

DROP TABLE IF EXISTS `ventas_detalle`;
/*!40101 SET @saved_cs_client     = @@character_set_client */;
/*!50503 SET character_set_client = utf8mb4 */;
CREATE TABLE `ventas_detalle` (
  `idventa_detalle` bigint NOT NULL AUTO_INCREMENT,
  `idventa` int DEFAULT NULL,
  `idproducto` int DEFAULT NULL,
  `cantidad` varchar(45) DEFAULT NULL,
  `precio_unitario` decimal(8,2) DEFAULT NULL,
  PRIMARY KEY (`idventa_detalle`),
  KEY `idventa_ventas_ventadetalle_idx` (`idventa`),
  KEY `idproducto_productos_ventadetalle_idx` (`idproducto`),
  CONSTRAINT `idproducto_productos_ventadetalle` FOREIGN KEY (`idproducto`) REFERENCES `productos` (`idproducto`) ON UPDATE CASCADE,
  CONSTRAINT `idventa_ventas_ventadetalle` FOREIGN KEY (`idventa`) REFERENCES `ventas` (`idventa`) ON DELETE CASCADE ON UPDATE CASCADE
) ENGINE=InnoDB AUTO_INCREMENT=45 DEFAULT CHARSET=utf8mb4 COLLATE=utf8mb4_0900_ai_ci;
/*!40101 SET character_set_client = @saved_cs_client */;

--
-- Dumping data for table `ventas_detalle`
--

LOCK TABLES `ventas_detalle` WRITE;
/*!40000 ALTER TABLE `ventas_detalle` DISABLE KEYS */;
INSERT INTO `ventas_detalle` VALUES (1,3,1,'2',10.00),(2,3,3,'5',13.00),(3,4,1,'1',10.00),(4,4,7,'2',6.00),(5,5,2,'1',10.00),(6,5,1,'3',10.00),(7,5,5,'2',8.00),(8,6,1,'2',10.00),(9,6,3,'2',13.00),(10,6,3,'1',13.00),(11,7,1,'2',10.00),(12,7,3,'4',13.00),(13,8,2,'3',10.00),(14,8,4,'2',12.00),(15,9,3,'4',13.00),(16,9,5,'1',8.00),(17,10,2,'3',10.00),(18,10,6,'1',16.00),(30,18,1,'1',10.00),(31,18,1,'2',10.00),(32,18,3,'4',13.00),(33,18,2,'3',10.00),(34,19,1,'2',10.00),(35,20,1,'2',10.00),(36,20,4,'1',12.00),(37,21,2,'6',10.00),(38,23,1,'1',10.00),(39,23,2,'1',10.00),(40,24,1,'2',10.00),(41,24,3,'1',13.00),(42,25,8,'1',56.00),(43,25,2,'0',10.00),(44,25,1,'2',10.00);
/*!40000 ALTER TABLE `ventas_detalle` ENABLE KEYS */;
UNLOCK TABLES;

--
-- Dumping events for database 'db_empresa_umg'
--

--
-- Dumping routines for database 'db_empresa_umg'
--
/*!40103 SET TIME_ZONE=@OLD_TIME_ZONE */;

/*!40101 SET SQL_MODE=@OLD_SQL_MODE */;
/*!40014 SET FOREIGN_KEY_CHECKS=@OLD_FOREIGN_KEY_CHECKS */;
/*!40014 SET UNIQUE_CHECKS=@OLD_UNIQUE_CHECKS */;
/*!40101 SET CHARACTER_SET_CLIENT=@OLD_CHARACTER_SET_CLIENT */;
/*!40101 SET CHARACTER_SET_RESULTS=@OLD_CHARACTER_SET_RESULTS */;
/*!40101 SET COLLATION_CONNECTION=@OLD_COLLATION_CONNECTION */;
/*!40111 SET SQL_NOTES=@OLD_SQL_NOTES */;

-- Dump completed on 2024-05-28 21:05:44
